title,tags,Tagsupdated,mysql,python,php
Flask-SQLAlchemy - When are the tables/databases created and destroyed?,"['python', 'mysql']","python, mysql",1,1,0
Combining two PHP variables for MySQL query,"['php', 'mysql']","php, mysql",1,0,1
'Counting' the number of records that match a certain criteria and displaying the numbers (using PHP and MySQL),"['php', 'mysql']","php, mysql",1,0,1
Insert new row in a table and auto id number. Php and MySQL,"['php', 'mysql']","php, mysql",1,0,1
Create Multiple MySQL tables using PHP,"['php', 'mysql']","php, mysql",1,0,1
How to check only the first two letters from a mysql cell?,"['php', 'mysql']","php, mysql",1,0,1
simple comment box php and mysql didn't work,"['php', 'mysql']","php, mysql",1,0,1
Plotting Histogram: How can I do it from scratch using data stored in a database?,"['python', 'mysql']","python, mysql",1,1,0
Handling PyMySql exceptions - Best Practices,"['python', 'mysql']","python, mysql",1,1,0
Running php script that connects to mysql db in shell,"['php', 'mysql']","php, mysql",1,0,1
Python mysql: Lost connection to MySQL server during query,"['python', 'mysql']","python, mysql",1,1,0
Memory leak with large dataset when using mysql-python,"['python', 'mysql']","python, mysql",1,1,0
automatically populate table with dummy data in mysql,"['python', 'mysql']","python, mysql",1,1,0
Am i doing this wrong. Convert array to array value,"['php', 'mysql']","php, mysql",1,0,1
Not enough arguments for format string Python-MySQL,"['python', 'mysql']","python, mysql",1,1,0
"Operational Error(2003, ""Can't connect to MySQL server on '127.3.138.130' (111)"")","['python', 'mysql']","python, mysql",1,1,0
(flask) python - mysql - using where clause in a select query with variable from URL,"['python', 'mysql']","python, mysql",1,1,0
storing enum type variable into database,"['php', 'mysql']","php, mysql",1,0,1
Drupal wont change the temporary file path in the database?,"['php', 'mysql']","php, mysql",1,0,1
How can i change the language that says in phpMyAdmin in WAMP?,"['php', 'mysql']","php, mysql",1,0,1
Create Database If Not Exists with PDO,"['php', 'mysql']","php, mysql",1,0,1
"Python: tuple indices must be integers, not str when selecting from mysql table","['python', 'mysql']","python, mysql",1,1,0
Getting multiple values of checkbox from a loop,"['php', 'mysql']","php, mysql",1,0,1
creating primary key based on date,"['php', 'mysql']","php, mysql",1,0,1
python mysql fetch query,"['python', 'mysql']","python, mysql",1,1,0
MINUS operator in MySQL?,"['php', 'mysql']","php, mysql",1,0,1
Hide / show list in PHP,"['php', 'mysql']","php, mysql",1,0,1
Laravel: 1066 Not unique table/alias,"['php', 'mysql']","php, mysql",1,0,1
Echo one image from mysql with next/prev button,"['php', 'mysql']","php, mysql",1,0,1
Using PyMySQL with MariaDB,"['python', 'mysql']","python, mysql",1,1,0
install python MySQLdb to python3 not python,"['python', 'mysql']","python, mysql",1,1,0
PHP 5.3 Upgrade - Can't Connect to MySQL Server,"['php', 'mysql']","php, mysql",1,0,1
PDO::fetch() LIMIT 1,"['php', 'mysql']","php, mysql",1,0,1
"PHP (MySQL) error : ""Warning: mysql_num_rows() expects parameter 1 to be resource""","['php', 'mysql']","php, mysql",1,0,1
Connect to RDS from EC2 instance with Python,"['python', 'mysql']","python, mysql",1,1,0
Executing a MySQL query on command line via os.system in Python,"['python', 'mysql']","python, mysql",1,1,0
"cakephp - building a query with a multi-word search string, searching multiple fields","['php', 'mysql']","php, mysql",1,0,1
Join 3 table with doctrine 2 query builder,"['php', 'mysql']","php, mysql",1,0,1
How to lock mysql tables in php,"['php', 'mysql']","php, mysql",1,0,1
How can I pass an array of PDO parameters yet still specify their types?,"['php', 'mysql']","php, mysql",1,0,1
Python and MySQLDB connection to another server on the network,"['python', 'mysql']","python, mysql",1,1,0
"Python, MySQL and cursors that fetch maps","['python', 'mysql']","python, mysql",1,1,0
how do I add a percentage increase to all product prices in Magento 1.4?,"['php', 'mysql']","php, mysql",1,0,1
not all arguments converted during string formatting,"['python', 'mysql']","python, mysql",1,1,0
Best Resource for mysql + python 2.6 programming,"['python', 'mysql']","python, mysql",1,1,0
adding 2 1/2 hours to a time object in python,"['python', 'mysql']","python, mysql",1,1,0
product website with php and mysql,"['php', 'mysql']","php, mysql",1,0,1
UnicodeDecodeError: 'ascii' codec can't decode byte 0x96 in position 10: ordinal not in range(128),"['python', 'mysql']","python, mysql",1,1,0
PHP mysql_query data size limit?,"['php', 'mysql']","php, mysql",1,0,1
How can I use prepared statements combined with Transactions with PHP?,"['php', 'mysql']","php, mysql",1,0,1
Accessing MySQL from Python 3: Access denied for user,"['python', 'mysql']","python, mysql",1,1,0
Joomla syntax for mysql last inserted id?,"['php', 'mysql']","php, mysql",1,0,1
Query Caching in MySQL,"['php', 'mysql']","php, mysql",1,0,1
Sorting users by distance in mysql using st_distance,"['php', 'mysql']","php, mysql",1,0,1
php md5 password for user login,"['php', 'mysql']","php, mysql",1,0,1
update memcache content,"['php', 'mysql']","php, mysql",1,0,1
Getting last inserted value in Yii,"['php', 'mysql']","php, mysql",1,0,1
Sql Alchemy What is wrong?,"['python', 'mysql']","python, mysql",1,1,0
cakephp saving data into database,"['php', 'mysql']","php, mysql",1,0,1
Inserting python tuple in a MySQL database,"['python', 'mysql']","python, mysql",1,1,0
Pie chart using mysql and php,"['php', 'mysql']","php, mysql",1,0,1
How insert multiple rows in mysql table with php array?,"['php', 'mysql']","php, mysql",1,0,1
"""Couldn't find class"" Doctrine Subqueries","['php', 'mysql']","php, mysql",1,0,1
File Upload working on PHP4 but not PHP5,"['php', 'mysql']","php, mysql",1,0,1
Is it possible to fill pdf Fillable forms Using PHP script from MySQL,"['php', 'mysql']","php, mysql",1,0,1
"python, NoneType object has no attribute '__getitem__', MySQL query","['python', 'mysql']","python, mysql",1,1,0
python mysql Incorrect string value warning,"['python', 'mysql']","python, mysql",1,1,0
execute *.sql file with python MySQLdb,"['python', 'mysql']","python, mysql",1,1,0
Python MySQL INSERT from csv,"['python', 'mysql']","python, mysql",1,1,0
How to get the last inserted id on a table to use it on another insert on another table?,"['php', 'mysql']","php, mysql",1,0,1
Write current time plus 5 minutes in MySql from PHP,"['php', 'mysql']","php, mysql",1,0,1
calculate price between given dates,"['php', 'mysql']","php, mysql",1,0,1
MySQL & PHP - Not unique table/alias,"['php', 'mysql']","php, mysql",1,0,1
Deleting an Object from Collection in SQLAlchemy,"['python', 'mysql']","python, mysql",1,1,0
Magento Checkbox for bundle products needs qty,"['php', 'mysql']","php, mysql",1,0,1
Access denied for user ''@'localhost' to database 'database',"['php', 'mysql']","php, mysql",1,0,1
how can i print reports from browser in php,"['php', 'mysql']","php, mysql",1,0,1
MySQL: Get data from other table matching the ids,"['php', 'mysql']","php, mysql",1,0,1
How should I go about adding slashes to only single quotes and ignoring double quotes?,"['php', 'mysql']","php, mysql",1,0,1
SQLAlchemy with PostgreSQL Unicode issue,"['python', 'mysql']","python, mysql",1,1,0
imploding a list for use in a python MySQLDB IN clause,"['python', 'mysql']","python, mysql",1,1,0
PHP Random String verification from Database,"['php', 'mysql']","php, mysql",1,0,1
"How to copy database from MySQL to another database using different python services, ensuring that a row gets copied only once?","['python', 'mysql']","python, mysql",1,1,0
MySQL -- Joins Between Databases On Different Servers Using Python?,"['python', 'mysql']","python, mysql",1,1,0
"Inserting record to mysql table, via sqlalchemy , with autoinc throws error","['python', 'mysql']","python, mysql",1,1,0
Python MySQL Comparing two tables,"['python', 'mysql']","python, mysql",1,1,0
mysql order by dayname,"['php', 'mysql']","php, mysql",1,0,1
Install mysql in dockerfile?,"['python', 'mysql']","python, mysql",1,1,0
how to install mysql on python 2.7.5 and mysql 5.6,"['python', 'mysql']","python, mysql",1,1,0
How to trigger mysql event after a time period?,"['php', 'mysql']","php, mysql",1,0,1
Can not get mysql-connector-python to install in virtualenv,"['python', 'mysql']","python, mysql",1,1,0
How do I build a parameterized PDO statement in PHP for a dynamic query?,"['php', 'mysql']","php, mysql",1,0,1
select top 50 records from sql,"['php', 'mysql']","php, mysql",1,0,1
Python best practice and securest to connect to MySQL and execute queries,"['python', 'mysql']","python, mysql",1,1,0
DELETE from mysql table WHERE column equals value AND column2 equals value2,"['php', 'mysql']","php, mysql",1,0,1
get a mysql variable in php,"['php', 'mysql']","php, mysql",1,0,1
How to preserve database connection in a python web server,"['python', 'mysql']","python, mysql",1,1,0
Where is the Synchronize tab under PhpMyAdmin,"['php', 'mysql']","php, mysql",1,0,1
"SQLAlchemy and joins, we have no foreign keys","['python', 'mysql']","python, mysql",1,1,0
Search with PHP for calendar dates within a MySQL array?,"['php', 'mysql']","php, mysql",1,0,1
Reverse engineer SQLAlchemy declarative class definition from existing MySQL database?,"['python', 'mysql']","python, mysql",1,1,0
"Error in SQL syntax, check for right syntax to use near '0' at line 1","['php', 'mysql']","php, mysql",1,0,1
SQLAlchemy error MySQL server has gone away,"['python', 'mysql']","python, mysql",1,1,0
How to retrieve SQL result column value using column name in Python?,"['python', 'mysql']","python, mysql",1,1,0
offset/limit programmatically with python mysqldb,"['python', 'mysql']","python, mysql",1,1,0
Php line graph by using GD and MySQL data,"['php', 'mysql']","php, mysql",1,0,1
blocking login after X failed attempts,"['php', 'mysql']","php, mysql",1,0,1
Remote query in MySQL using python,"['python', 'mysql']","python, mysql",1,1,0
Enable executing multiple statements while execution via sqlalchemy,"['python', 'mysql']","python, mysql",1,1,0
get the records for the latest timestamp mysql,"['php', 'mysql']","php, mysql",1,0,1
"Creating a Simple ""ORM/ActiveRecord"" Pattern","['php', 'mysql']","php, mysql",1,0,1
Creating recurring calendar events in PHP/MySQL,"['php', 'mysql']","php, mysql",1,0,1
"Proper PDO syntax for parameterized query using LIKE with wildcards (ex %, _)","['php', 'mysql']","php, mysql",1,0,1
How can I get every n rows in MySQL?,"['php', 'mysql']","php, mysql",1,0,1
php or mysql timestamp off by 7 hours,"['php', 'mysql']","php, mysql",1,0,1
Symfony2 - Persist data using a many-to-many relationship,"['php', 'mysql']","php, mysql",1,0,1
Object of class PDOStatement could not be converted to string,"['php', 'mysql']","php, mysql",1,0,1
SQLSTATE[42000]: Syntax error or access violation: 1064 You have an error in your SQL syntax. Password change script,"['php', 'mysql']","php, mysql",1,0,1
SQLAlchemy upsert,"['python', 'mysql']","python, mysql",1,1,0
how to create a dynamic sql statement w/ python and mysqldb,"['python', 'mysql']","python, mysql",1,1,0
Create only ONE table with Flask + SqlAlchemy,"['python', 'mysql']","python, mysql",1,1,0
Calling MySQL exe using PHP exec doesn't work,"['php', 'mysql']","php, mysql",1,0,1
Difference between pip's mysql-python and apt-get's python-mysqldb,"['python', 'mysql']","python, mysql",1,1,0
SQLSTATE[HY000] [1045] Access denied for user 'root'@'localhost' (using password: YES) symfony2,"['php', 'mysql']","php, mysql",1,0,1
Lost connection to MySQL server at 'reading initial communication packet,"['python', 'mysql']","python, mysql",1,1,0
How would I do MySQL count(*) in Doctrine2?,"['php', 'mysql']","php, mysql",1,0,1
UnicodeEncodeError on MySQL insert in Python,"['python', 'mysql']","python, mysql",1,1,0
Use of PDO in classes,"['php', 'mysql']","php, mysql",1,0,1
When should I commit with SQLAlchemy using a for loop?,"['python', 'mysql']","python, mysql",1,1,0
"Parse error: syntax error, unexpected '<', expecting end of file in C:\xampp\htdocs\SLR\CreateData2.php on line 23","['php', 'mysql']","php, mysql",1,0,1
Python MySQLdb won't release table lock,"['python', 'mysql']","python, mysql",1,1,0
MySQLi prepared statements error reporting,"['php', 'mysql']","php, mysql",1,0,1
how to implement a login system under php?,"['php', 'mysql']","php, mysql",1,0,1
How to insert / retrieve a file stored as a BLOB in a MySQL db using python,"['python', 'mysql']","python, mysql",1,1,0
"Avoiding ""MySQL server has gone away"" on infrequently used Python / Flask server with SQLAlchemy","['python', 'mysql']","python, mysql",1,1,0
how to connect to mysql database from gui made in python,"['python', 'mysql']","python, mysql",1,1,0
"Installing mysql-python with pip, get ""Failed building wheel for mysql-python""","['python', 'mysql']","python, mysql",1,1,0
a better approach than storing mysql password in plain text in config file?,"['php', 'mysql']","php, mysql",1,0,1
SQLAlchemy blocked on dropping tables,"['python', 'mysql']","python, mysql",1,1,0
"Executing ""SELECT ... WHERE ... IN ..."" using MySQLdb","['python', 'mysql']","python, mysql",1,1,0
SQLAlchemy reconnect to db,"['python', 'mysql']","python, mysql",1,1,0
mysql Count Distinct and get result using php,"['php', 'mysql']","php, mysql",1,0,1
"How to store the result of a radio button with a database value, back into the database?","['php', 'mysql']","php, mysql",1,0,1
Use SQL count result in IF statement - PHP,"['php', 'mysql']","php, mysql",1,0,1
